"GeneID","GeneSymbol","baseMean","log2FoldChange","lfcSE","stat","pvalue","padj"
"FBgn0039155","Kal1",730.567672556595,4.61874234413356,0.169123974050063,27.3098025875761,3.24437644720595e-164,2.7191119004033e-160
"FBgn0025111","Ant2",1501.4479295742,-2.89994566275403,0.127357563247363,-22.7701095153773,9.07190677591494e-115,3.80158253444716e-111
"FBgn0029167","Hml",3706.02400785474,2.19691201694356,0.0979153735864202,22.4368445574542,1.72026094782314e-111,4.80583566790191e-108
"FBgn0003360","sesB",4342.8320615483,3.17954143621606,0.143567713643974,22.1466328014448,1.12413341964898e-108,2.35534054751953e-105
"FBgn0035085","CG3770",638.219335651327,2.56024247676475,0.137812592607111,18.5777107035765,4.86834502378315e-77,8.16031992886532e-74
"FBgn0039827","CG1544",261.911169759448,4.16242558317506,0.232594159728179,17.8956582058616,1.27481657618067e-71,1.78070628749503e-68
"FBgn0034736","gas",225.870671605661,3.51131914967381,0.214762789980295,16.3497557002122,4.36727388133294e-60,5.22887462849305e-57
"FBgn0029896","CG3168",489.877246619059,2.44494512310761,0.152214942570411,16.062451437556,4.6769562961537e-58,4.89969633975802e-55
"FBgn0000071","Ama",342.246487725455,-2.67972490247511,0.182417471455829,-14.6900671360528,7.46398121592233e-49,6.95062517451612e-46
"FBgn0051092","LpR2",153.068561614784,-2.32790711365485,0.17722546145007,-13.1352859493651,2.06709113281752e-39,1.73242907841436e-36
"FBgn0034434",NA,114.623344446462,3.64247959676097,0.278345860280182,13.0861640733384,3.95061039941367e-39,3.01000597795327e-36
"FBgn0040091","Ugt317A1",1106.50895128494,1.57529169636974,0.121495837838982,12.9658079189302,1.91205104624e-38,1.33540831821145e-35
"FBgn0027279","l(1)G0196",2954.90726348927,1.1920221936651,0.0945355859532367,12.6092431928729,1.87787588465694e-36,1.21065213763922e-33
"FBgn0038832","CG15695",301.911362068779,2.54101083441457,0.202203747701802,12.566586244296,3.2234446795905e-36,1.929692132832e-33
"FBgn0034897","Sesn",892.485155473449,1.9213949694105,0.158870159637217,12.0941212232558,1.13449709802557e-33,6.33881345236819e-31
"FBgn0003501",NA,277.460809952997,-2.1536933783521,0.180459740966103,-11.9344811580808,7.82452425986495e-33,4.09858361387051e-30
"FBgn0039419","CG12290",1564.28099570834,1.16037902850677,0.0973742525660305,11.9166925334796,9.68786513237752e-33,4.77611751026212e-30
"FBgn0035189","CG9119",215.654948171641,-2.97510850783947,0.252327963350864,-11.7906413079654,4.36206700111792e-32,2.03102686313163e-29
"FBgn0033764",NA,65.2059280189589,-3.41163802984045,0.294546024217528,-11.5826993044757,5.04325948524029e-31,2.22460830241047e-28
"FBgn0040827","CG13315",215.979868086714,1.98984622678333,0.176691027052023,11.2617276608928,2.02744474927924e-29,8.49600722185464e-27
"FBgn0032405","firl",79.6159906120173,-2.67273833243316,0.239994096525525,-11.1366836565036,8.31585539635558e-29,3.3188182893741e-26
"FBgn0052407","CG32407",187.050167913661,2.20287106417266,0.198235173415782,11.1124127278478,1.09169314608389e-28,4.15885466242232e-26
"FBgn0033913","CG8468",5212.96176538917,1.16131178438345,0.105699560751632,10.9869121132134,4.4178289245573e-28,1.60981844420499e-25
"FBgn0023479","teq",3091.78196454293,1.52534951812434,0.139334580857968,10.9473865621286,6.83924553239161e-28,2.38832153362392e-25
"FBgn0026562","SPARC",43909.4443835314,2.36245938400137,0.226053934665055,10.4508660178901,1.45193297978173e-25,4.86746012142029e-23
"FBgn0034010","CG8157",547.240149120962,1.45171036301933,0.140146922212416,10.3584890777624,3.82963525689833e-25,1.23446819569481e-22
"FBgn0001224","Hsp23",598.932007347051,-1.48584672214146,0.143887746400028,-10.3264298685352,5.35154329401477e-25,1.66115867952362e-22
"FBgn0063649","CG6006",646.192411101866,1.30932543550249,0.128786751370394,10.1666159101788,2.79449268048464e-24,8.36451541255063e-22
"FBgn0037754","CG8500",269.747253760138,2.34185557725055,0.233213600623167,10.0416766903513,9.9960385085622e-24,2.88885512897447e-21
"FBgn0261552","ps",5128.6158935707,1.89612026758319,0.190764455965726,9.93958889240806,2.79980204414384e-23,7.82171364398986e-21
"FBgn0085359","CG34330",68.6061082175759,4.91772394961462,0.49495504742198,9.93569815123423,2.91129347494502e-23,7.87082277855298e-21
"FBgn0003748","Treh",1095.97418687562,-1.07326651202989,0.108377368145298,-9.90305015149469,4.03769023543234e-23,1.0574963082237e-20
"FBgn0024288","Sox100B",58.8494875253442,4.58583398178688,0.46474718814705,9.86737327033786,5.76546089770609e-23,1.46425235708105e-20
"FBgn0039109","CG10365",475.403846877735,1.30354637155816,0.132358551639424,9.8485995457954,6.95056756716037e-23,1.71331490530503e-20
"FBgn0024315","Picot",92.0840267409837,2.28669876186144,0.233119622047131,9.8091217795434,1.0285983623193e-22,2.46305224988517e-20
"FBgn0016715","Reg-2",150.872486038183,1.97364591273484,0.203890846965661,9.67991423895175,3.67023736161092e-22,8.54451647990586e-20
"FBgn0040099","lectin-28C",910.08257602036,1.78114029541109,0.189789331495217,9.38482833243961,6.30190145988289e-21,1.38990095092838e-18
"FBgn0001226","Hsp27",1323.90943619999,-1.71871240529923,0.185885475833517,-9.24608228584005,2.32871896092869e-20,5.00435733629316e-18
"FBgn0037290","Jhbp1",67.0998167313376,-3.01068789464795,0.328634965106508,-9.1611916390948,5.13273538319594e-20,1.04920622552598e-17
"FBgn0001225","Hsp26",420.302629286048,-1.34749339614205,0.151244134668457,-8.90939274502051,5.1312835730039e-19,1.02393541965109e-16
"FBgn0034751",NA,16640.8459837339,1.06138253097744,0.119522520255159,8.88018867667432,6.67470495537848e-19,1.30094656351226e-16
"FBgn0260011","NimC4",89.2793535054463,-2.38839991340049,0.269159714371919,-8.8735415661062,7.08557776669239e-19,1.34964152869657e-16
"FBgn0039257","tnc",521.915451167556,1.05253094346528,0.120987498019462,8.69950168980242,3.33344691909429e-18,6.20835969531761e-16
"FBgn0037153","olf413",103.140156366507,-1.84127036591391,0.21215633722487,-8.67883745542938,3.99834645154542e-18,7.28481339356569e-16
"FBgn0261362",NA,5796.45165295305,-1.5196732210237,0.180701873610647,-8.4098365482258,4.10582485790676e-17,7.02263635390134e-15
"FBgn0051642","CG31642",110.54063539156,-2.01529569467542,0.240422643176518,-8.38230404611179,5.1901554721357e-17,8.52915549254301e-15
"FBgn0038149","GILT1",993.47812985692,-1.04994906359725,0.125882516178509,-8.34070604458177,7.38482645225858e-17,1.19023520185345e-14
"FBgn0030041","CG12116",86.8708892913224,2.84321965968734,0.344811939245299,8.24571117203883,1.64180802957866e-16,2.50181692652704e-14
"FBgn0063498","GstE2",343.868523446746,1.37073952384123,0.166220326853838,8.2465216486222,1.63071606191105e-16,2.50181692652704e-14
"FBgn0035968","Slc45-1",295.082687909235,-1.10734452624312,0.137654581091542,-8.04437104426424,8.66894919525791e-16,1.2314315797535e-13
"FBgn0261284","bou",51.0138514919771,-2.31082822496641,0.291668080168924,-7.9228012322365,2.32218636640895e-15,3.24370732281223e-13
"FBgn0038198","Npc2b",62.2923420739071,-2.39422242535881,0.303299623558751,-7.89391822273408,2.92844091141533e-15,4.02348578337244e-13
"FBgn0036985","zye",1932.74323423911,1.34814275011493,0.171622655363399,7.85527264602878,3.98903456430104e-15,5.39227398119468e-13
"FBgn0039479","CG14257",175.681250169556,-1.54943599466127,0.198114748892654,-7.82090179212662,5.24462503645528e-15,6.97701625881455e-13
"FBgn0001137","grk",494.04936828311,1.25430236371141,0.161468910662576,7.76807348587707,7.96888278448172e-15,1.04355010338658e-12
"FBgn0034438","CG9416",74.5954977692353,-1.9006253864013,0.247493820623469,-7.67948622560908,1.5972788864667e-14,1.99802900708619e-12
"FBgn0032598","ChLD3",315.324408370831,-1.0871655484978,0.142044012251336,-7.65372317542077,1.95242337775749e-14,2.3714870042008e-12
"FBgn0038528","CG14326",152.60441974042,-1.3954886213363,0.182632396179441,-7.64096978700972,2.15591653214946e-14,2.58124806513495e-12
"FBgn0024984","CG3457",120.72437320106,-1.48298448804656,0.195117861829809,-7.60045479249917,2.95091838749919e-14,3.48333056417334e-12
"FBgn0031912",NA,1318.33225228138,1.07455907523931,0.141705775177377,7.58302951234177,3.37578018683055e-14,3.87567311586669e-12
"FBgn0050463","Pgant9",42.0945642373631,-2.61815965451487,0.345780466081551,-7.57173961902574,3.68259030662116e-14,4.17078234591783e-12
"FBgn0034389","Mctp",110.747440038619,1.92157842643207,0.256374898833467,7.49518940885186,6.62026919802148e-14,7.30058896692343e-12
"FBgn0002868","MtnA",100.129906548607,2.13168494800003,0.28544076759888,7.46804657909139,8.13940347243885e-14,8.85926500032598e-12
"FBgn0086910",NA,87.0684066671532,-1.80744631548323,0.242940050228786,-7.4398861520819,1.00772109785239e-13,1.08278340014114e-11
"FBgn0011260","Sema2a",211.129678246791,-2.04873974935978,0.277516749115795,-7.38240036281536,1.55460868654107e-13,1.64926270910136e-11
"FBgn0032004","CG8292",961.575715718715,1.18555553655429,0.1606852546314,7.37812277345468,1.60536900064642e-13,1.68182469930221e-11
"FBgn0031322","CG5001",396.807063925681,1.41149226992406,0.192297552975353,7.3401468093823,2.13359689507028e-13,2.20761426883753e-11
"FBgn0000406","Cyt-b5-r",265.504534086402,2.03312040157802,0.278080209101211,7.3112732766899,2.64622728039933e-13,2.67205190807552e-11
"FBgn0031150","bves",795.375914895633,-1.18134969135663,0.162687123463924,-7.26148244681816,3.82870695821048e-13,3.82004678770976e-11
"FBgn0000567","Eip74EF",261.174489927451,1.22632957244539,0.169390246780871,7.23967049904484,4.49776125580891e-13,4.43479259822759e-11
"FBgn0034885","Eglp4",160.525286659183,-1.63347598696234,0.225897130414492,-7.23106125325774,4.79234121445426e-13,4.67030368817921e-11
"FBgn0033065","Cyp6w1",29.9482901809733,-3.02215085027907,0.418646735957704,-7.21885683251666,5.24264131276235e-13,4.93691874632149e-11
"FBgn0037646","CAHbeta",39.6175652978946,2.80717701498808,0.390597762336183,7.18687428775378,6.62913943443331e-13,6.17320195555396e-11
"FBgn0023549","Mct1",216.537978330365,1.57163688587864,0.219925896369195,7.14621111849555,8.92058303181111e-13,8.21575894391307e-11
"FBgn0053307","CG33307",1013.56661385984,1.45247145142494,0.206878362853205,7.02089590903991,2.20450050321649e-12,1.96552326781461e-10
"FBgn0031327","CG5397",756.387956217435,-1.22592378649242,0.175615391735767,-6.98073087088494,2.93648366116308e-12,2.53718242929977e-10
"FBgn0035344","Cyp4d20",77.3889343639722,1.64705074203244,0.236075264324859,6.97680354925267,3.01971485545115e-12,2.58247246974858e-10
"FBgn0039640","superdeath",72.0228298705173,1.79871303349445,0.262239590621231,6.85904454485074,6.93226225381596e-12,5.75240494546847e-10
"FBgn0000116","Argk1",658.401186017792,-1.29088420005017,0.189493241290056,-6.81229679360556,9.60526815736779e-12,7.7405531179711e-10
"FBgn0033367","PPO2",15324.9710040484,-1.45493175418942,0.214018735534666,-6.79815134200599,1.05970104862902e-11,8.45843284624742e-10
"FBgn0031703","Acsf2",90.8193992261229,1.84571196820781,0.272091020407866,6.78343579821591,1.17350956727193e-11,9.27847517293027e-10
"FBgn0033775","Cyp9h1",46.8809721686594,-1.93477398875331,0.287724426099164,-6.72439950609716,1.76318057261241e-11,1.36826077583931e-09
"FBgn0038865","cDIP",282.793771098766,1.03730174238864,0.15487331750294,6.69774341451,2.11662480768393e-11,1.62747087277055e-09
"FBgn0052625","CG32625",155.80098746963,-1.60350947601612,0.239541918641996,-6.69406626241738,2.17053055645229e-11,1.65374696305697e-09
"FBgn0033724","CG8501",152.834926132809,-1.4243723034997,0.21418651810357,-6.65014920692134,2.92796044659562e-11,2.2107420272899e-09
"FBgn0035727","CG10063",65.2390054012443,-1.58891196496517,0.239752386832556,-6.62730405297227,3.41872991540131e-11,2.5582478054445e-09
"FBgn0035147","Gale",19322.7013020077,1.1038280004116,0.167263916023057,6.59931936700225,4.13049668220126e-11,3.06351262774591e-09
"FBgn0015568","alpha-Est1",210.367106107003,-1.06673243685286,0.162474044541045,-6.56555599305818,5.18390687892317e-11,3.77794117845697e-09
"FBgn0020248","stet",35.6263967825634,-2.12297134368453,0.324966002026219,-6.5329029204515,6.45069597654695e-11,4.62079341704615e-09
"FBgn0259715","CG42369",804.639164765266,1.78444142242192,0.274202283483497,6.50775551447701,7.62819322775366e-11,5.32765728681695e-09
"FBgn0040388","boi",1478.42971951078,1.03432267724178,0.159164998745437,6.49843046771888,8.116229153616e-11,5.62166252367403e-09
"FBgn0029002","miple2",1587.74346320704,-1.43778998107842,0.222607152143388,-6.458866964671,1.05489795033295e-10,7.12991913043584e-09
"FBgn0038351",NA,97.3782746279397,1.63275374760998,0.253864323601097,6.43159985794446,1.26267785415048e-10,8.46600247650813e-09
"FBgn0039464","CG6330",820.539132138972,-1.12622090555493,0.175698327340852,-6.40996942088176,1.45548826850906e-10,9.60507651840508e-09
"FBgn0037635","CG9837",167.519023619718,1.08186701716809,0.16918591300819,6.39454549100503,1.61025605664038e-10,1.05434031333617e-08
"FBgn0030598","CG9503",37.9502625019135,-2.08745859401925,0.327802275970501,-6.36804179543616,1.91456752336575e-10,1.24387522583941e-08
"FBgn0030805","wus",340.916155958115,-1.0758286801809,0.172425945185555,-6.23936658153827,4.39346296421566e-10,2.68770898562711e-08
"FBgn0039593","Sid",42.4951299978344,-1.93795416435513,0.312669281898058,-6.19809580458554,5.71503518565349e-10,3.44587840942172e-08
"FBgn0028433",NA,92.7233225298929,1.34812723778645,0.219890494511865,6.13090275129518,8.73818091310976e-10,5.23104958805521e-08
"FBgn0034391","CG15080",65.1274308024795,-1.56093708559366,0.256383776514887,-6.08828338053216,1.14127734788891e-09,6.68884297388596e-08
"FBgn0052135",NA,240.709567638936,-1.30897266530063,0.216889018430334,-6.03521872510606,1.58747516649149e-09,9.11275984271589e-08
"FBgn0032638","SPH93",131.934790702139,1.43576960009787,0.238239945241614,6.0265695521453,1.67476258935989e-09,9.53677210445881e-08
"FBgn0039098","GILT3",308.486710089103,1.01982301444125,0.170906291164599,5.96714730330821,2.41437430103993e-09,1.34005768324607e-07
"FBgn0031548","CG8852",53.6644499065255,1.93116417553122,0.325365948196901,5.9353604340997,2.93200650174809e-09,1.60630216457646e-07
"FBgn0003447","sn",36.3051835360252,-1.98177442725317,0.334109334916174,-5.93151468740132,3.00152707337434e-09,1.6229547356097e-07
"FBgn0035266","Gk2",383.49566591085,-1.07529165441679,0.182013724076701,-5.90775041756554,3.46810907184823e-09,1.86321936738205e-07
"FBgn0038381","EndoU",158.231816828124,1.12152300676341,0.190498817995592,5.88729640721108,3.92564299722409e-09,2.095593245843e-07
"FBgn0031547","Sr-CIV",265.28710570863,1.38829386349255,0.238302167265337,5.82577103441431,5.68495140370157e-09,2.94108504410018e-07
"FBgn0031117","GstT3",326.53172224423,-1.0226722282874,0.175984751797231,-5.81114112355437,6.20484283999492e-09,3.19035508233113e-07
"FBgn0034718","wdp",496.04391902447,-1.39069527986847,0.240523597962445,-5.78194942886899,7.38399074879342e-09,3.75061978579622e-07
"FBgn0028514","CG4793",599.034466772647,1.05116643912478,0.181972048709324,5.77652692586804,7.6258303593114e-09,3.82883995572204e-07
"FBgn0037223","TwdlU",24.9877279331403,2.62656310948217,0.454702023622482,5.7764491315809,7.62935535861568e-09,3.82883995572204e-07
"FBgn0033782","sug",162.226101633926,1.37141612207071,0.239011543619341,5.73786563319672,9.58771318854095e-09,4.69910083234864e-07
"FBgn0010223","Galphaf",65.4037505036009,1.43796811497816,0.252798571406827,5.68819715624121,1.28387547793655e-08,6.11372748896943e-07
"FBgn0004396","CrebA",2423.4177628592,-1.07865291968874,0.193595955949906,-5.57167072212939,2.52307951949687e-08,1.16186425565403e-06
"FBgn0259224","CG42324",251.947326325558,-1.13432511820952,0.205165489521679,-5.52883002328546,3.22373504753699e-08,1.46837627355476e-06
"FBgn0261015","Pif1A",434.523396271828,1.14314458068401,0.207652843697844,5.50507549199475,3.69010108730592e-08,1.65383621458347e-06
"FBgn0043364","cbt",1194.93765071583,1.20974098188385,0.222019570289544,5.44880336587529,5.0709838451544e-08,2.23683766348627e-06
"FBgn0027348","bgm",172.975837264644,1.18422151841011,0.21891804559923,5.40942851544567,6.32261812387643e-08,2.73143621114476e-06
"FBgn0026376","Rgl",1400.26593855806,1.00613998321906,0.186128409462741,5.40562284996299,6.45835663222381e-08,2.77576856075219e-06
"FBgn0033635","Prip",2490.12064966662,-1.2054583687329,0.223738794483014,-5.38779325918113,7.13280319671533e-08,3.05000120365669e-06
"FBgn0031258","CG4297",107.568117135677,1.32158703034119,0.246688521501186,5.35731059677552,8.44698412116765e-08,3.5574961768596e-06
"FBgn0034067","CG8399",141.713490328794,-1.02269736555791,0.194273025818505,-5.26422729686285,1.4078019222958e-07,5.59576346312692e-06
"FBgn0250904","CG34434",30.2591383074778,-1.8824679845689,0.361026086221475,-5.21421597057139,1.84596303082417e-07,7.22944680436327e-06
"FBgn0033495",NA,66.4276945513304,2.02434262872153,0.388729839180357,5.20758229671765,1.91316994541138e-07,7.45780340115941e-06
"FBgn0038237","Pde6",20.7717228830904,2.87344307583164,0.559733067994819,5.13359535130813,2.84258912835271e-07,1.0541477648108e-05
"FBgn0039485","Jhbp11",58.5700497791369,-1.32561795963912,0.258941064942953,-5.11938096775482,3.06540173125304e-07,1.12188348950357e-05
"FBgn0005660","Ets21C",145.960781459783,-1.04946040992841,0.20561159105149,-5.10409167382783,3.32387125339138e-07,1.21101907227109e-05
"FBgn0030326","CG2444",140.61710360818,1.23955867038939,0.246183882810092,5.03509269672864,4.77617651031605e-07,1.66788063887329e-05
"FBgn0087007","bbg",133.273160266023,-1.12345436765602,0.227680346798485,-4.93434933429,8.04183946503731e-07,2.7176877643741e-05
"FBgn0037678","CG16749",35.3320883204162,-1.73767832608582,0.356312598058155,-4.87683661918181,1.07800650705409e-06,3.54422592491571e-05
"FBgn0063667","meep",13.0521699727757,-2.79936697885978,0.574250143282792,-4.8748215592194,1.08906852415784e-06,3.56542316444017e-05
"FBgn0051856",NA,84.5645461400569,-1.00303009861589,0.208210776465333,-4.81737840684196,1.45456675377045e-06,4.63525625982896e-05
"FBgn0036576","CG5151",1775.62783509235,1.03287771859032,0.215565160592049,4.79148725032156,1.65549542287439e-06,5.21571094420258e-05
"FBgn0033368","CG13743",63.8160509395739,-1.32594205583203,0.277887434208875,-4.77150778554235,1.82851911438364e-06,5.71821593195869e-05
"FBgn0010097","gammaTub37C",108.555449646765,-1.04772327320761,0.221710669911304,-4.72563306775788,2.29399554192563e-06,6.99964451213663e-05
"FBgn0033446","CG1648",81.54457073364,1.12110172170565,0.240572725464843,4.66013642876356,3.15999863868155e-06,9.39147113148585e-05
"FBgn0029090",NA,43.5366755871157,1.46998683814371,0.317590112100747,4.62856613645894,3.68206275043977e-06,0.000109043702867264
"FBgn0032436","CG5418",17.2796257212951,-2.35026201303374,0.516716618852694,-4.54845446669048,5.40413326635391e-06,0.000155642752251932
"FBgn0052677","X11Lbeta",46.1447404602111,-1.26995572550952,0.280925017215938,-4.5206216879337,6.16582897834051e-06,0.000176367961322429
"FBgn0039651","Cyt-c1L",74.2294603344455,-1.12251069638647,0.252303540594623,-4.44904852996104,8.62515277738506e-06,0.000237787517852843
"FBgn0002609","E(spl)m3-HLH",43.2551136137613,1.51317153897975,0.341354218063108,4.43284851602449,9.29962070890805e-06,0.000253052341432982
"FBgn0028939","NimC2",20.0277226360595,2.40448257948738,0.542637764601699,4.43110070168503,9.37532903708434e-06,0.000254286837086744
"FBgn0036560","CG5895",18.8949531546659,-2.14722645328816,0.48897292874714,-4.39129924593136,1.12675340216035e-05,0.000296959756714023
"FBgn0035710","SP1173",17.3496883088748,-2.30719501682911,0.527450677185297,-4.37423842005719,1.21857142108047e-05,0.000318157229908891
"FBgn0261546",NA,28.1213312285079,1.82844336392968,0.418759132188014,4.36633669187362,1.26347673017469e-05,0.000328857095515345
"FBgn0020376","Sr-CIII",40.8130277420041,1.4896202128495,0.346267113999,4.30193960854684,1.69309462936969e-05,0.000428695652228016
"FBgn0031688","Cyp28d2",30.8038354303719,-1.60242880639656,0.373626268571016,-4.28885477599117,1.79596748525238e-05,0.000450658787242521
"FBgn0259714","DIP-epsilon",117.021360483194,1.02924597786849,0.24030716102175,4.28304330795756,1.84354271165045e-05,0.000457122232732024
"FBgn0026415","Idgf4",46.9558100716458,-1.15610059649775,0.271430444132812,-4.25928860040499,2.05078547997959e-05,0.000502562371570437
"FBgn0034225","veil",49.100787811625,1.3014457746579,0.308302226467948,4.22133109308959,2.42863903366459e-05,0.000578250674464288
"FBgn0034804","GrlHz",39.021954820101,1.5005257279775,0.35885637609541,4.1814102463615,2.89706609255379e-05,0.000672685903110266
"FBgn0033268","Obp44a",82.4199973403511,-1.07707744865872,0.258489397310596,-4.16681480890498,3.08885228318686e-05,0.000713158980313749
"FBgn0036862","Gbs-76A",261.055497817731,-1.08756611700617,0.264784851796416,-4.1073577647197,4.00211076938561e-05,0.000885356683537557
"FBgn0035523","Ctl1",47.9047895792265,-1.54828259609399,0.377082800273156,-4.10594860060556,4.02659016933243e-05,0.000888075058136186
"FBgn0259935","CG42458",44.8983152304953,-1.21843796487263,0.297733029835958,-4.09238425963004,4.26960364845939e-05,0.000931863233795264
"FBgn0025836","RhoGAP1A",93.7244693947194,1.12522783123793,0.275789128537004,4.08002968502418,4.5029949936357e-05,0.000977709871545617
"FBgn0036821","CG3961",416.309296705106,1.74328973013199,0.430804945613165,4.04658708745964,5.19697954623327e-05,0.00111681757889695
"FBgn0250829",NA,76.2545590006507,-1.23259868942932,0.310729938105992,-3.9667844590143,7.28488174018443e-05,0.00150332092510608
"FBgn0035932","CG13308",27.3932665883248,-1.53377442411026,0.387951128357021,-3.95352484372407,7.70082639559131e-05,0.00157416161027929
"FBgn0038261","CG14856",29.1342891179027,-1.50664325640698,0.382296066184488,-3.94103782297332,8.11298310675526e-05,0.00164238916467913
"FBgn0039178","CG6356",13.9248858729795,-2.32037174999394,0.589088999381737,-3.93891543116443,8.18507723426719e-05,0.00165299113976851
"FBgn0259741","CG42395",33.1623213343193,-1.3061134290542,0.335697312858571,-3.89074734597135,9.99359480462326e-05,0.00196611075252459
"FBgn0034403","CG18190",68.0353080384092,-1.05028445483242,0.272915797395348,-3.84838277907003,0.000118900167424621,0.00230139100042899
"FBgn0051462",NA,90.4142083486468,-1.23997699044189,0.322327122509515,-3.84695206778724,0.000119596355469454,0.00230953238522926
"FBgn0038545","pasi1",81.9815873557935,-1.0276686304875,0.269066105151752,-3.81939088874794,0.000133781619867592,0.00253670533056626
"FBgn0039788","Rpt6R",17.2209151090385,-1.79478411388836,0.471726388753617,-3.80471425105238,0.000141967984584554,0.00266182031052159
"FBgn0053556","form3",220.85352374391,-1.03415019382265,0.274531917412269,-3.76695796820465,0.000165248808913238,0.00301732084423061
"FBgn0035076","Ance-5",30.8126152894526,-1.37832880601748,0.366203435573562,-3.76383362941062,0.000167328229311784,0.00303141039437494
"FBgn0034636","twz",15.1659174890807,2.36049129290817,0.627469426146628,3.76192240537401,0.000168612363022528,0.00304556080709441
"FBgn0002567","Rab32",48.7667306823336,-1.01053906181281,0.269358357567227,-3.75165289445529,0.000175672569003273,0.00315270192894311
"FBgn0032498",NA,57.3565674133406,-1.05379224536773,0.285259704064267,-3.69415038420681,0.000220623211006953,0.00381212801460103
"FBgn0028373",NA,42.0609200090626,-1.29662864704374,0.354768102698991,-3.65486253465095,0.000257319815306114,0.00438332799203363
"FBgn0034139","CG4927",28.9000637902582,-1.22689480994394,0.338762983066474,-3.62169089089402,0.000292683716756964,0.00487170833327601
"FBgn0039759","CG9733",14.2508316554665,-1.96570745142467,0.543986276091215,-3.61352397628329,0.000302063408829565,0.00499328092583941
"FBgn0003366","sev",17.7120740521515,1.79952791614455,0.498982495581005,3.60639487773857,0.000310480553587006,0.0051223179519935
"FBgn0051125","CG31125",27.1196387196084,-1.2530857677716,0.348958633994452,-3.5909292555046,0.000329501072239874,0.00540420447444694
"FBgn0030634","CG9164",8.035542593361,3.21321315657922,0.902709289750562,3.55952153485326,0.000371531068358414,0.00597658710923584
"FBgn0062978","CG31808",17.3918126747688,1.68289914792377,0.481704136048191,3.49363649174773,0.000476489337468396,0.00736800209838123
"FBgn0050359","Mal-A5",45.7477496998988,-1.21656741756901,0.349055836886058,-3.48530890765803,0.000491569192488226,0.00758718490284313
"FBgn0046258","CG12880",9.75968862871394,-2.14763301980056,0.616475928163054,-3.48372567636173,0.000494486037607921,0.00761817551689703
"FBgn0037046","CG10581",24.8266044951045,-1.51411808522512,0.434745280693891,-3.4827706072127,0.000496253392481415,0.00763137556401237
"FBgn0051477","ATPsynepsilonL",43.2700083831999,-1.10336225613097,0.318729768572066,-3.46174836782307,0.000536678676458805,0.00819290343788933
"FBgn0260429","CG42524",68.3370323094981,1.38136757737383,0.399827618341163,3.4549078503005,0.000550480932084176,0.00834282222748188
"FBgn0039094","CG10184",15.627548563531,1.73769684395274,0.506342827589481,3.43185831667706,0.00059946064792657,0.00892538166767415
"FBgn0052185","edin",23.6343938829458,-1.29634986367936,0.381221983527895,-3.40051182694847,0.000672598262340564,0.00985497558859488
"FBgn0038484","CG5246",27.3441989271922,1.38120181637466,0.407634581979497,3.38833327061571,0.00070318765972183,0.0102038890402583
"FBgn0030954","CCKLR-17D3",17.0091428165611,-1.58539546638996,0.46901224025577,-3.38028590794428,0.0007241046310456,0.0103916453986185
"FBgn0030051","spirit",32.90043594538,-1.13554726449244,0.343172600047902,-3.30896832769848,0.000936404294800158,0.0128867067236784
"FBgn0033458","Lime",41.1104671066625,-1.09764705826596,0.331951103307755,-3.30665283931387,0.000944178267724891,0.0129723902652497
"FBgn0051163","SKIP",12.1723509831174,-1.70449629143954,0.516179006552269,-3.30214183413704,0.000959495392411239,0.0131612616756114
"FBgn0035789","mthl6",13.6150910959808,2.72471819904842,0.826394003386584,3.29711758299608,0.000976825973523668,0.01333351544642
"FBgn0001967","NimC3",14.3462419633866,1.87469725494983,0.568823031937049,3.29574779798526,0.000981600927127154,0.0133551905361245
"FBgn0002773","Mlc2",41.1047663249845,1.15632291144372,0.353714085247192,3.2690892437479,0.00107894265364169,0.014376181844469
"FBgn0035539","slow",20.4818430733033,-1.57154957284159,0.486780205294921,-3.22845825641051,0.00124459421873532,0.0161220156834941
"FBgn0035957","Argk2",14.2090124459709,-1.73388933605664,0.545758399137751,-3.17702730511528,0.00148793026347689,0.0187242395468466
"FBgn0050148","CG30148",57.124222972352,1.09735934384971,0.347153531261386,3.16102025482051,0.00157217565547825,0.019491722142845
"FBgn0085334","CG34305",43.2621295875823,1.29809593190999,0.413430333522813,3.13981782819125,0.00169052924478519,0.0207746709685405
"FBgn0035969","CG4476",12.9148030214194,-1.76343825476757,0.566600278136455,-3.1123144883859,0.00185626638115274,0.0223847029358865
"FBgn0024836","stan",16.4566488876465,-1.5034554049149,0.483347427964565,-3.11050668304191,0.00186766669384818,0.0224898197717552
"FBgn0002945","nkd",55.48841088399,1.0265679648571,0.330104163160424,3.10983040937357,0.00187194789001452,0.0225090319457843
"FBgn0039069","CG6763",33.7380206190465,1.06588246743893,0.344556176803736,3.09349400532172,0.00197814549440188,0.0233961212252143
"FBgn0032808",NA,28.344772816723,1.21475151636749,0.399745274525472,3.03881394923178,0.00237511485608156,0.0272682706970131
"FBgn0024977",NA,28.443748917727,-1.06780181727754,0.351735806234939,-3.03580641592206,0.00239893331102717,0.0274730021959011
"FBgn0000079","Amy-p",159.517803392293,1.06713493141987,0.351709883279234,3.03413404670417,0.0024122722039147,0.0275064671306246
"FBgn0259236","comm3",6.31393317037846,2.90641629496729,0.970091282711883,2.99602351527417,0.00273525339795512,0.0305248451774459
"FBgn0031464",NA,29.1644059228605,1.07345021021348,0.362073908028058,2.96472677652954,0.00302951862334039,0.033103514448782
"FBgn0038603","PKD",20.075687668467,1.26036047812804,0.42624707546048,2.95687771409681,0.00310771341040537,0.0337817718451458
"FBgn0036801","MYPT-75D",33.9254902851723,1.02208213948773,0.346160118710884,2.95262823254744,0.00315081173670477,0.0341179410864026
"FBgn0033541","CG12934",22.7480713547379,-1.09942069528742,0.372951872752389,-2.94788892511434,0.00319952003000473,0.0346002288664124
"FBgn0026760","Tehao",20.2500456059621,1.26912092315267,0.430584840851176,2.94743521542441,0.0032042188453233,0.0346063893590909
"FBgn0033288",NA,15.1008859188506,-1.41805172084196,0.483460800747533,-2.93312657127393,0.0033556705993665,0.036005203004821
"FBgn0050088","CG30088",14.4111299865994,1.51619915293403,0.516860473941037,2.93347862600729,0.00335186732156198,0.036005203004821
"FBgn0025593",NA,10.7973810636676,-1.84661453049391,0.630231709943182,-2.93005651946708,0.00338900356448875,0.0362748900050832
"FBgn0033857",NA,17.5401051662992,-1.62516664263519,0.557656383223487,-2.91427963801121,0.00356510402717937,0.0378216922174561
"FBgn0042102","CG18745",10.2705232076107,-1.68257793803061,0.578054825842349,-2.91075839662567,0.00360552698444906,0.0381539414856914
"FBgn0023091","dimm",10.9710029277408,-1.85878747942281,0.63927235301081,-2.90766129751802,0.00364142499378714,0.0383745238984962
"FBgn0034898","CG18128",6.68186364603847,2.6012282928602,0.898246916402989,2.89589448664824,0.00378079498400548,0.0395591045704743
"FBgn0051555",NA,8.99337591522172,-1.81068129565083,0.635523429393991,-2.84911808424974,0.00438406055799471,0.0448083067518947
"FBgn0041605","cpx",40.2580752965441,-1.00880478692586,0.356053061412353,-2.83329901145702,0.0046070269411735,0.0466185661856498
"FBgn0053346","CG33346",12.2703655715405,-1.69636479139926,0.59993191368918,-2.82759551991118,0.00468990216149319,0.0472428726147529
"FBgn0052313","CG32313",12.5303002914293,1.77715519762471,0.632208521343619,2.8110269596616,0.00493836478053254,0.0492133593646174
